URL,AllMessagesFlag
https://t.me/ShadowsocksM,true
https://t.me/V2ray_Alpha,true
https://t.me/VlessConfig,true
https://t.me/v2rayngvpn,true
https://t.me/An0nymousTeam,true
https://t.me/oneclickvpnkeys,true
https://t.me/CaV2ray,true
https://t.me/ELiV2RAY,true
https://t.me/MehradLearn,true
https://t.me/Outline_Vpn,true
https://t.me/SafeNet_Server,true
https://t.me/VPN_KING_V2RAY,true
https://t.me/ipV2Ray,true
https://t.me/lrnbymaa,true
https://t.me/proxy_kafee,true
https://t.me/proxy_mtm,true
https://t.me/v2rayNG_VPNN,true
https://t.me/tv2rayrr,true
https://t.me/V2rey_Hiddify,true
https://t.me/server_nekobox,true
https://t.me/V2rayNGn,true
https://t.me/v2raying,true
https://t.me/s0013_Official,true
https://t.me/V2RAYROZ,true
https://t.me/V2rayNG_Outlinee,true
https://t.me/sinavm,true
https://t.me/customv2ray,true
https://t.me/fastkanfig,true
https://t.me/vpnstorefast,true
https://t.me/Hope_Net,true
https://t.me/oxnet_ir,true
https://t.me/CryptoGuardVPN,true
https://t.me/freeiranianv2rey,true
https://t.me/ernoxin_shop,true
https://t.me/DarkVPNpro,true
https://t.me/Free_Vpn_for_All_of_Us,true
https://t.me/NoForcedHeaven,true
https://t.me/v2raybaz,true
https://t.me/freedomofinfor,true
https://t.me/Vpnstable,true
https://t.me/orange_vpns,true
https://t.me/amirtronic,true
https://t.me/kb_v2ray_store,true
https://t.me/FreeVPNHomesConfigs,true
https://t.me/Ahmedhamoomi_Servers,true
https://t.me/V2ray_nima02,true
https://t.me/ISVvpn,true
https://t.me/proSSH,true
https://t.me/v2ray_hub1,true
https://t.me/GrizzlyVPN,true
https://t.me/BESTFORBEST66,true
https://t.me/curetech,true
https://t.me/v2Source,true
https://t.me/GetConfigIR,true
https://t.me/Parsashonam,true
https://t.me/ArV2ray,true
https://t.me/configfa,true
https://t.me/Change_IP1,true
https://t.me/VPNCUSTOMIZE,true
https://t.me/Suevpnx,true
https://t.me/Nfastvpnn,true
https://t.me/napsternetv,true
https://t.me/Alpha_V2ray_Iran,true
https://t.me/vpn_proxy666,true
https://t.me/xsfilternet,true
https://t.me/Hiidify_V2ray,true
https://t.me/ConfigWireguard,true
https://t.me/WireVpnGuard,true
https://t.me/LonUp_M,true
https://t.me/ConfigV2rayNG,true
https://t.me/V2ray_Tunnel_Plus,true
https://t.me/CookVip,true
https://t.me/v2rayfree,true
https://t.me/FreeV2rays,true
https://t.me/v2ray_free_conf,true
https://t.me/PrivateVPNs,true
https://t.me/IP_CF_Config,true
https://t.me/shadowproxy66,true
https://t.me/OutlineReleasedKey,true
https://t.me/prrofile_purple,true
https://t.me/proxy_shadosocks,true
https://t.me/meli_proxyy,true
https://t.me/DirectVPN,true
https://t.me/VmessProtocol,true
https://t.me/ViProxys,true
https://t.me/heyatserver,true
https://t.me/vpnfail_vless,true
https://t.me/DailyV2RY,true
https://t.me/Qv2rayCONFIG,true
https://t.me/xsfilternetv2,true
https://t.me/redfree8,true
https://t.me/AzadNet,true
https://t.me/V2SayFree,true
https://t.me/safeNet4All,true
https://t.me/golestan_vpn,true
https://t.me/mehduox_vpn,true
https://t.me/kayh_gng,true
https://t.me/xroVPN,true
https://t.me/viturey,true
https://t.me/freedom_guard_net,true
https://t.me/Ln2Ray,true
https://t.me/ZeusVPN_Net,true
https://t.me/v2nodes,true
https://t.me/V2rayCollectorDonate,true
https://t.me/freevpnconfigso,true
https://t.me/v2rayhup,true
https://t.me/ShadowsocksM,false
https://t.me/V2ray_Alpha,false
https://t.me/VlessConfig,false
https://t.me/v2rayngvpn,false
https://t.me/An0nymousTeam,false
https://t.me/oneclickvpnkeys,false
https://t.me/CaV2ray,false
https://t.me/ELiV2RAY,false
https://t.me/MehradLearn,false
https://t.me/Outline_Vpn,false
https://t.me/SafeNet_Server,false
https://t.me/VPN_KING_V2RAY,false
https://t.me/ipV2Ray,false
https://t.me/lrnbymaa,false
https://t.me/proxy_kafee,false
https://t.me/proxy_mtm,false
https://t.me/v2rayNG_VPNN,false
https://t.me/tv2rayrr,false
https://t.me/V2rey_Hiddify,false
https://t.me/server_nekobox,false
https://t.me/V2rayNGn,false
https://t.me/v2raying,false
https://t.me/s0013_Official,false
https://t.me/V2RAYROZ,false
https://t.me/V2rayNG_Outlinee,false
https://t.me/sinavm,false
https://t.me/customv2ray,false
https://t.me/fastkanfig,false
https://t.me/vpnstorefast,false
https://t.me/Hope_Net,false
https://t.me/oxnet_ir,false
https://t.me/CryptoGuardVPN,false
https://t.me/freeiranianv2rey,false
https://t.me/ernoxin_shop,false
https://t.me/DarkVPNpro,false
https://t.me/Free_Vpn_for_All_of_Us,false
https://t.me/NoForcedHeaven,false
https://t.me/v2raybaz,false
https://t.me/freedomofinfor,false
https://t.me/Vpnstable,false
https://t.me/orange_vpns,false
https://t.me/amirtronic,false
https://t.me/kb_v2ray_store,false
https://t.me/FreeVPNHomesConfigs,false
https://t.me/Ahmedhamoomi_Servers,false
https://t.me/V2ray_nima02,false
https://t.me/ISVvpn,false
https://t.me/proSSH,false
https://t.me/v2ray_hub1,false
https://t.me/GrizzlyVPN,false
https://t.me/BESTFORBEST66,false
https://t.me/curetech,false
https://t.me/v2Source,false
https://t.me/GetConfigIR,false
https://t.me/Parsashonam,false
https://t.me/ArV2ray,false
https://t.me/configfa,false
https://t.me/Change_IP1,false
https://t.me/VPNCUSTOMIZE,false
https://t.me/Suevpnx,false
https://t.me/Nfastvpnn,false
https://t.me/napsternetv,false
https://t.me/Alpha_V2ray_Iran,false
https://t.me/vpn_proxy666,false
https://t.me/xsfilternet,false
https://t.me/Hiidify_V2ray,false
https://t.me/ConfigWireguard,false
https://t.me/WireVpnGuard,false
https://t.me/LonUp_M,false
https://t.me/ConfigV2rayNG,false
https://t.me/V2ray_Tunnel_Plus,false
https://t.me/CookVip,false
https://t.me/v2rayfree,false
https://t.me/FreeV2rays,false
https://t.me/v2ray_free_conf,false
https://t.me/PrivateVPNs,false
https://t.me/IP_CF_Config,false
https://t.me/shadowproxy66,false
https://t.me/OutlineReleasedKey,false
https://t.me/prrofile_purple,false
https://t.me/proxy_shadosocks,false
https://t.me/meli_proxyy,false
https://t.me/DirectVPN,false
https://t.me/VmessProtocol,false
https://t.me/ViProxys,false
https://t.me/heyatserver,false
https://t.me/vpnfail_vless,false
https://t.me/DailyV2RY,false
https://t.me/Qv2rayCONFIG,false
https://t.me/xsfilternetv2,false
https://t.me/redfree8,false
https://t.me/AzadNet,false
https://t.me/V2SayFree,false
https://t.me/safeNet4All,false
https://t.me/golestan_vpn,false
https://t.me/mehduox_vpn,false
https://t.me/kayh_gng,false
https://t.me/xroVPN,false
https://t.me/viturey,false
https://t.me/freedom_guard_net,false
https://t.me/Ln2Ray,false
https://t.me/ZeusVPN_Net,false
https://t.me/v2nodes,false
https://t.me/V2rayCollectorDonate,false
https://t.me/freevpnconfigso,false
https://t.me/v2rayhup,false
